{
    "model_name": "Gradient Boosting",
    "f1_score": 0.6540677575478221,
    "accuracy": 0.8461774953883993,
    "precision": 0.7084373439840239,
    "recall": 0.6074486301369864,
    "roc_auc": 0.9020196747082906
}